Label ,City ,Region ,Origin PoI [Type],Origin Name,Origin Latitude,Origin Longitude,Destination PoI [Type],Destination Name,Destination Latitude,Destination Longitude,Parameters Start [local time],Parameters Stop [local time],Parameters Rate [Requests per Minute],Parameters Standard,Parameters Max Standard Surge [base price],Parameters Premium,Parameters Max Premium Surge [base price],Peak Detection N,Peak Detection height [base price],Peak Detection slope [base price / Min],Peak Detection ttmax [Min],Peak Detection width [Min],Timescale Analysis sigma_base,Timescale Analysis sigma_surge,Timescale Analysis weight_base,Timescale Analysis weight_surge,Timescale Analysis weight_zero
ARN,Stockholm,Europe,Airport,ARN,59.64912,17.9302,Station,Stockholms Centralstation,59.33057,18.05633,11/06/2019 17:23,14/06/2019 11:00,2,UberX Airport,0.177386954,Black,0.285475791,0,0,0,0,0,0.003659608,0.011825133,0.027310126,0.110189874,0.8625
ATL,Atlanta,North America,Airport,ATL,33.64086,-84.41694,City,City Hall,33.74822,-84.39088,31/05/2019 3:14,7/06/2019 15:14,7.2,UberX,0.497581095,Black,0.040189125,0.001653944,0.310685274,0.338155886,4.181818182,9.634848485,0.001806861,0.007497931,0.306949946,0.02985561,0.663194444
AustinConvention,Austin,North America,Convention Center,Austin Convention Center,30.2639,-97.74044,Airport,AUS,30.20278,-97.66709,17/06/2019 12:14,20/06/2019 1:51,1.9,UberX,0.369911641,Lux,0.3720074,0,0,0,0,0,0.004373011,0.049351479,0.51247592,0.010440747,0.477083333
BMA,Stockholm,Europe,Airport,BMA,59.35604,17.94601,Station,Stockholms Centralstation,59.33057,18.05633,11/06/2019 17:23,14/06/2019 11:00,2,UberX,0.042822648,Black,0.041222803,0,0,0,0,0,0.002494776,0.002505074,0.273086089,0.012330578,0.714583333
BOG,Bogota,South America,Airport,BOG,4.69787,-74.14187,City,Business District,4.65469,-74.05553,11/06/2019 10:23,14/06/2019 4:00,2,UberX,0.70876348,Black,0.04638762,0.002307692,0.315557377,0.151438352,4.116666667,16.9875,0.001606672,0.020847541,0.429294443,0.070705557,0.5
BOM,Mumbai,Asia,Airport,BOM,19.0928,72.85555,Station,Mumbai Central Station,18.9697,72.81996,11/06/2019 20:53,14/06/2019 14:30,2,GO,1.310733318,BLACK,0.179545954,0.014615385,0.327482735,inf,2.647666667,23.813,0.000839304,0.032034203,0.113627461,0.696789206,0.189583333
BostonHynesConvention,Boston,North America,Convention Center,Boston Hynes Convention Center,42.34816,-71.08425,Airport,BOS,42.36656,-71.01737,17/06/2019 13:14,20/06/2019 2:51,1.9,UberX,1.505010009,Black,0.450918019,0.006944444,0.516948559,inf,5.35625,14.34722222,0.004392639,0.060635697,0.515173681,0.188298541,0.296527778
BRU,Brussels,Europe,Airport,BRU,50.89734,4.48015,Station,Gare du Midi,50.83633,4.33807,11/06/2019 17:23,14/06/2019 11:00,2,UberX,0.056105606,UberBLACK,0.04337104,0,0,0,0,0,0.0028659,0.002926287,0.401542132,0.017207868,0.58125
BWI,Baltimore,North America,Airport,BWI,39.17975,-76.66917,Station,Pennsylvania Station,39.30726,-76.61571,11/06/2019 11:23,14/06/2019 5:00,3.7,UberX,0.69610107,Black,0.025058007,0.001794872,0.480766463,inf,1.826666667,6.03,0.002600901,0.053892714,0.48881592,0.01743408,0.49375
BWIres,Baltimore,North America,Airport,BWI,39.18124,-76.67015,City,North Cleveland Park,38.94793,-77.05803,17/06/2019 13:15,20/06/2019 2:51,1.9,UberX,1.388059735,Black,0.011712096,0.006388889,0.662129747,0.38305951,2.85,4.296296296,0.001605914,0.070349207,0.331444162,0.04702806,0.621527778
BWIurb,Baltimore,North America,Airport,BWI,39.18124,-76.67015,City,Union Station Plaza,38.89631,-77.00635,17/06/2019 13:15,20/06/2019 2:51,1.9,UberX,1.376733065,Black,0.008697902,0.006388889,0.616249487,0.317620348,2.816666667,3.608333333,0.001540879,0.070394656,0.247115661,0.045939895,0.706944444
CAI,Cairo,Africa,Airport,CAI,30.11223,31.39536,Station,Ramsis Railway Station,30.06236,31.24666,11/06/2019 17:23,14/06/2019 11:00,2,UberX,0.077322364,Select,0.092291236,0,0,0,0,0,0.001331865,0.002633521,0.474974672,0.084053105,0.440972222
CPT,Cape Town,Africa,Airport,CPT,-33.96917,18.59535,City,Waterfront,-33.90854,18.42245,31/05/2019 9:14,7/06/2019 21:16,7.3,UberX,0.261515111,uberBLACK,0.299212605,0,0,0,0,0,0.001096772,0.020758782,0.149131211,0.072396567,0.778472222
CDG,Paris,Europe,Airport,CDG,49.01529,2.54181,Station,Gare de l'Est,48.87625,2.35906,31/05/2019 9:14,7/06/2019 20:58,7.3,UberX,0.099769056,Berline,0.080167487,0,0,0,0,0,0.002489705,0.0066523,0.47533176,0.027446018,0.497222222
ChicagoUnionStation,Chicago,North America,Station,Union Station,41.87868,-87.63964,Airport,ORD,41.97717,-87.90487,17/06/2019 12:14,20/06/2019 13:48,1.9,UberX,1.395165086,Black,0.508409381,0.01412037,0.571515196,inf,5.268666667,14.508,0.002228357,0.055008194,0.307815571,0.310934429,0.38125
ColoradoConvention,Denver,North America,Convention Center,Colorado Convention,39.74326,-104.99767,Airport,DEN,39.84978,-104.67291,17/06/2019 11:14,24/06/2019 23:14,1.4,UberX,1.612243533,Black,0.790081143,0.008905852,0.635721394,inf,5.314393939,32.02752525,0.001834297,0.063828159,0.289164526,0.326113251,0.384722222
DC1,Washington D.C.,North America,City,U.S. Navy Bureau of Medicine and Surgery,38.89544,-77.05047,City,Columbia Heights,38.92149,-77.02755,17/06/2019 13:14,21/06/2019 3:10,1.9,UberX,1.39097178,Black,0.058743171,0.007058824,0.451391569,inf,3.736363636,29.19646465,0.006419855,0.04456653,0.599238326,0.17506723,0.225694444
DC2,Washington D.C.,North America,City,Environmental Protection Agency,38.89244,-77.0309,City,Columbia Heights,38.92149,-77.02755,17/06/2019 13:14,21/06/2019 3:10,1.9,UberX,1.790697694,Black,0.069430739,0.010196078,0.610072791,inf,6.81124031,22.7,0.005487189,0.044699624,0.35116688,0.335638676,0.313194444
DC3,Washington D.C.,North America,City,Thurgood Marshall Federal Judiciary Building,38.89691,-77.00438,City,Columbia Heights,38.92149,-77.02755,17/06/2019 13:14,21/06/2019 3:10,1.9,UberX,1.582439423,Black,0.221588805,0.011372549,0.573492034,inf,4.435763889,12.45659722,0.008193634,0.058361235,0.510249903,0.195305653,0.294444444
DC4,Washington D.C.,North America,City,West End,38.90747,-77.04927,City,Columbia Heights,38.92149,-77.02755,17/06/2019 13:14,21/06/2019 3:10,1.9,UberX,1.703337908,Black,0.073537312,0.010196078,0.489833359,inf,4.174621212,16.40340909,0.009208461,0.057980868,0.523575228,0.11531366,0.361111111
DC5,Washington D.C.,North America,Convention Center,Walter E. Washington Convention Center,38.90473,-77.02343,City,Columbia Heights,38.92149,-77.02755,17/06/2019 13:14,21/06/2019 3:10,1.9,UberX,1.71575129,Black,0.05882353,0.00745098,0.728505983,inf,9.126470588,49.00637255,0.015465558,0.072257039,0.117178492,0.144627064,0.738194444
DC6,Washington D.C.,North America,City,Gallaudet University,38.90593,-76.9976,City,Columbia Heights,38.92149,-77.02755,17/06/2019 13:14,21/06/2019 3:10,1.9,UberX,1.444444418,Black,0.234778166,0.009803922,0.476088228,0.169231986,4.36712963,11.20185185,0.010098937,0.055831681,0.452317951,0.110876494,0.436805556
DC7,Washington D.C.,North America,City,Woodley Park,38.92563,-77.05141,City,Columbia Heights,38.92149,-77.02755,17/06/2019 13:15,21/06/2019 3:10,1.9,UberX,1.437943339,Black,0.083376668,0.007058824,0.529015804,inf,5.480555556,20.19791667,0.008629043,0.055009685,0.502657836,0.082758831,0.414583333
DC8,Washington D.C.,North America,City,Columbia Heights,38.92149,-77.02755,City,Rhode Island Avenue Center,38.92035,-76.99906,17/06/2019 13:15,21/06/2019 3:10,1.9,UberX,1.175632834,Black,0.060704961,0.004705882,0.628567872,0.17104083,5.83968254,20.58571429,0.009667359,0.06906084,0.427907102,0.065842899,0.50625
DC9,Washington D.C.,North America,City,Rhode Island Avenue Center,38.92035,-76.99906,City,Columbia Heights,38.92149,-77.02755,17/06/2019 13:15,21/06/2019 3:10,1.9,UberX,1.065262318,Black,0.078422911,0.00372549,0.444502562,inf,3.447058824,14.7754902,0.010311178,0.053248777,0.500592521,0.061907479,0.4375
DCA,Washington D.C.,North America,Airport,DCA,38.85354,-77.0434,Station,Union Station,38.89697,-77.00628,31/05/2019 3:14,7/06/2019 15:14,22.1,UberX,0.798229456,Black,0.30662021,0.014122137,0.447658475,0.288509687,4.379473684,19.83561404,0.004649847,0.047787955,0.295466169,0.408700498,0.295833333
DCAres,Washington D.C.,North America,Airport,DCA,38.848,-77.04095,City,North Cleveland Park,38.94793,-77.05803,17/06/2019 13:15,20/06/2019 2:51,1.9,UberX,0.834931135,Black,0.468848199,0.013333333,0.459495448,inf,3.625724638,21.1865942,0.003436906,0.051959349,0.475200755,0.329660356,0.195138889
DCAurb,Washington D.C.,North America,Airport,DCA,38.848,-77.04095,City,Union Station Plaza,38.89631,-77.00635,17/06/2019 13:15,20/06/2019 2:51,1.9,UberX,0.784680665,Black,0.475304663,0.013055556,0.447326982,inf,5.25942029,20.73695652,0.005533353,0.043892821,0.388110979,0.33827791,0.273611111
DEL,Dheli,Asia,Airport,DEL,28.55611,77.08589,Station,New Dheli Railway Station,28.64172,77.22209,11/06/2019 20:53,14/06/2019 14:30,2,UberGo,0.490825504,Premier,0.433825433,0,0,0,0,0,0.002708185,0.025936432,0.478399486,0.098683847,0.422916667
EWR,New York City,North America,Airport,EWR,40.69059,-74.17757,Station,Pennsylvania Station,40.75091,-73.99433,31/05/2019 3:14,7/06/2019 15:14,14.2,UberX,0.932412505,Black,0.040409647,0.009796438,0.344224234,inf,3.070720721,20.67252252,0.001681941,0.025453631,0.232235235,0.462421254,0.305343512
EWRres,New York City,North America,Airport,EWR,40.69131,-74.18282,City,Brooklyn,40.63311,-73.92563,17/06/2019 13:15,21/06/2019 3:10,3.8,UberX,0.997201264,Black,0.067207389,0.020392157,0.291276243,inf,3.233333333,8.789473684,0.002681583,0.029996118,0.116796797,0.476953203,0.40625
EWRurb,New York City,North America,Airport,EWR,40.69131,-74.18282,City,Korea Town,40.74622,-73.98845,17/06/2019 13:15,21/06/2019 3:10,3.8,UberX,0.938025773,Black,0.03449773,0.006666667,0.381040944,inf,3.337634409,26.63064516,0.004259979,0.031247525,0.307392334,0.453718777,0.238888889
EZE,Buenos Aires,South America,Airport,EZE,-34.81276,-58.53951,City,Business District,-34.59766,-58.37123,11/06/2019 12:23,14/06/2019 6:00,2,UberX,1.718052626,Select,1.823953152,0,0,0,0,0,0.001770554,0.03475481,0.080226909,0.376023091,0.54375
GeorgiaCongress,Atlanta,North America,Convention Center,Georgia Congress Center,33.75822,-84.39839,Airport,ATL,33.64086,-84.41694,17/06/2019 13:14,25/06/2019 1:14,1.4,UberX,1.266666651,Black,0.230116665,0.003053435,0.487079707,inf,6.024561404,18.52982456,0.002285804,0.029294298,0.266719635,0.08258592,0.650694444
GIG,Rio de Janeiro,South America,Airport,GIG,-22.81453,-43.24663,Station,Central do Brasil,-22.90324,-43.19096,11/06/2019 12:23,14/06/2019 6:00,2,UberX,0.94363457,Black,0.992566168,0,0,0,0,0,0.002617286,0.053539654,0.500185121,0.068564879,0.43125
GLA,Glasgow,Europe,Airport,GLA,55.86422,-4.43177,Station,Glasgow Central Station,55.85914,-4.2569,11/06/2019 16:23,14/06/2019 10:00,2,UberX,0.534078419,Exec,0.525719345,0,0,0,0,0,0.002129986,0.052475704,0.24674068,0.154648209,0.598611111
GrandCentral,New York City,North America,Station,Grand Central Station,40.75234,-73.97754,City,Upper West Side,40.78822,-73.97637,17/06/2019 13:14,20/06/2019 14:48,1.9,UberX,1.135854363,Black,0.451818854,0.002777778,0.52373615,inf,5.065151515,17.54545455,0.004502091,0.067333203,0.601323967,0.113259367,0.285416667
GVA,Geneva,Europe,Airport,GVA,46.23032,6.10838,Station,Gare GenÂve,46.21057,6.14333,11/06/2019 17:23,14/06/2019 11:00,3.7,UberX,0.146876678,Black,0.152270407,0,0,0,0,0,0.004515692,0.00454897,0.146828571,0.006643651,0.846527778
HEL,Helsinki,Europe,Airport,HEL,60.31812,24.96694,Station,Rautatieasema Jarnvags Station,60.17125,24.93962,11/06/2019 18:23,14/06/2019 12:00,2,UberX,0.211180121,Black,0.204545453,0,0,0,0,0,0.002265601,0.02932144,0.071023769,0.008142897,0.920833333
HKG,Hong Kong,Asia,Airport,HKG,22.31618,113.93878,Station,Hong Kong Station,22.28436,114.15812,11/06/2019 23:23,14/06/2019 17:00,2,UberX,0.178854287,Black,0.108792707,0,0,0,0,0,0.000734077,0.02713879,0.150800021,0.024894423,0.824305556
Hoboken,Hoboken,North America,City,Hoboken,40.73585,-74.02927,City,Upper West Side,40.78822,-73.97637,17/06/2019 13:15,20/06/2019 14:48,3.9,UberX,0.700867415,Black,0.025178976,0.004861111,0.280908,inf,2.440833333,21.465,0.00178786,0.021531085,0.377769208,0.295841904,0.326388889
HoustonConvention,Houston,North America,Convention Center,Houston Convention Center,29.75292,-95.35844,Airport,IAH,29.98735,-95.34233,17/06/2019 12:15,25/06/2019 0:14,1.4,UberX,1.837349772,Black,0.214628056,0.000636132,0.314573497,0.334906601,1.179166667,20.46666667,0.00247867,0.044847926,0.303153233,0.164902323,0.531944444
HutchinsonConvention,Chicago,North America,Convention Center,Hutchinson Convention,32.77422,-96.80135,Airport,DAL,32.84386,-96.84949,17/06/2019 12:14,25/06/2019 0:14,1.4,UberX,2.215978384,Black,0.588847339,0.010814249,0.329177466,inf,4.962935323,42.75124378,0.003620048,0.037765305,0.317836159,0.243969397,0.438194444
IADres,Washington D.C.,North America,Airport,IAD,38.93965,-77.45784,City,North Cleveland Park,38.94793,-77.05803,17/06/2019 13:15,20/06/2019 2:51,1.9,UberX,0.18996875,Black,0.070130177,0,0,0,0,0,0.001841581,0.011875127,0.144842896,0.16071266,0.694444444
IADurb,Washington D.C.,North America,Airport,IAD,38.93965,-77.45784,City,Union Station Plaza,38.89631,-77.00635,17/06/2019 13:15,20/06/2019 2:51,1.9,UberX,0.124859385,Black,0.048444808,0,0,0,0,0,0.002101307,0.010421234,0.228580293,0.194336374,0.577083333
IAH,Houston,North America,Airport,IAH,29.98735,-95.34233,City,City Hall,29.76042,-95.36979,31/05/2019 2:14,7/06/2019 14:14,7.2,UberX,0.941404879,Black,0.060811643,0.006997455,0.287118776,inf,1.002040816,17.91530612,0.001818352,0.018963444,0.384659348,0.241294851,0.374045802
ICN,Seoul,Asia,Airport,ICN,37.44867,126.4515,Station,Seobu Station,37.5559,126.96917,12/06/2019 0:23,14/06/2019 18:00,2,International Taxi,0.058504861,Black,0.021653507,0,0,0,0,0,0.002004149,0.004836018,0.056502449,0.028914217,0.914583333
JamaicaStation,New York City,North America,Station,Jamaica Station,40.70052,-73.80773,Airport,LGA,40.77406,-73.87198,17/06/2019 13:14,20/06/2019 14:48,1.9,UberX,0.797226012,Black,0.047869124,0.000462963,0.243556246,0.247684318,0.983333333,8.2,0.004681624,0.094650082,0.489340579,0.013437199,0.497222222
JFK,New York City,North America,Airport,JFK,40.64409,-73.78271,Station,Pennsylvania Station,40.75091,-73.99433,31/05/2019 3:14,7/06/2019 15:14,7.1,UberX,1.396800995,Black,0.470588207,0.003816794,0.277998044,inf,4.8975,78.6225,0.001581992,0.035087953,0.380685879,0.255425232,0.363888889
JFKres,New York City,North America,Airport,JFK,40.64756,-73.78244,City,Brooklyn,40.63311,-73.92563,17/06/2019 13:15,21/06/2019 3:10,1.9,UberX,0.727272749,Black,0.043938201,0.008235294,0.346997605,inf,3.402380952,5.165873016,0.002169724,0.03842718,0.440783114,0.121326533,0.437890354
JFKurb,New York City,North America,Airport,JFK,40.64756,-73.78244,City,Korea Town,40.74622,-73.98845,17/06/2019 13:15,21/06/2019 3:10,1.9,UberX,0.704208076,Black,0.043240841,0.007843137,0.35617422,inf,3.392028986,5.774637681,0.001405152,0.030727843,0.459079637,0.152031474,0.388888889
JNB,Johannesburg,Africa,Airport,JNB,-26.13226,28.23141,City,Harrison Street,-26.20182,28.03997,11/06/2019 17:23,14/06/2019 11:00,2,UberX,0.142573267,UberBLACK,0.145023242,0,0,0,0,0,0.002580523,0.006966023,0.132908197,0.090702914,0.776388889
LAX,Los Angeles,North America,Airport,LAX,33.94353,-118.40822,Station,Union Station,34.05618,-118.23685,31/05/2019 0:14,7/06/2019 12:14,7,UberX,1.25425458,Black,0.017515136,0.012722646,0.477623758,0.202851497,4.209307359,16.55844156,0.002509635,0.049530819,0.353168111,0.295443,0.351388889
LGA,New York City,North America,Airport,LGA,40.77406,-73.87198,Station,Pennsylvania Station,40.75091,-73.99433,31/05/2019 3:14,7/06/2019 15:14,7.1,UberX,0.734440923,Black,0.35838151,0.002290076,0.419366674,0.274033694,2.731481481,15.03518519,0.001967037,0.047835804,0.593231449,0.12690744,0.279861111
LGAres,New York City,North America,Airport,LGA,40.77482,-73.87582,City,Brooklyn,40.63311,-73.92563,17/06/2019 13:15,21/06/2019 3:10,1.9,UberX,0.731354058,Black,0.427673429,0.00254902,0.38239854,0.102040922,5.731666667,7.555,0.001748595,0.037908656,0.462800635,0.050393809,0.486805556
LGAurb,New York City,North America,Airport,LGA,40.77482,-73.87582,City,Korea Town,40.74622,-73.98845,17/06/2019 13:15,21/06/2019 3:10,1.9,UberX,0.539665997,Black,0.353904277,0.001372549,0.367453255,inf,4.405555556,9.683333333,0.002181488,0.027591937,0.607040098,0.053376569,0.339583333
LHR,London,Europe,Airport,LHR,51.47101,-0.45704,City,Picadilly Circus,51.51011,-0.13425,31/05/2019 8:14,7/06/2019 20:16,7.3,UberX,0.040494937,Lux,0.046942111,0,0,0,0,0,0.001844912,0.001857271,0.47886243,0.019748681,0.501388889
LIS,Lisbon,Europe,Airport,LIS,38.77073,-9.12825,Station,Rossio - Lisboa,38.71421,-9.14067,11/06/2019 16:23,14/06/2019 10:00,2,UberX,1.237261653,Black,0.403705806,0.004871795,0.50671036,inf,2.780555556,11.89027778,0.003860508,0.045837806,0.420685051,0.294592727,0.284722222
LosAngelesConvention,Los Angeles,North America,Convention Center,Los Angeles Convention Center,34.04122,-118.26954,Airport,LAX,33.94353,-118.40822,17/06/2019 10:14,19/06/2019 23:51,1.9,UberX,0.537725508,Black,0.017778642,0.003333333,0.386467905,0.222764692,3.194444444,8.768055556,0.002654067,0.044649758,0.497024655,0.043253123,0.459722222
LosAngelesUnion,Los Angeles,North America,Station,Union Station,34.05618,-118.23685,Airport,LAX,33.94353,-118.40822,17/06/2019 10:15,20/06/2019 11:47,1.9,UberX,0.585686922,Black,0.015738104,0.004166667,0.3814348,inf,2.857291667,5.652083333,0.002397366,0.036176154,0.478853376,0.102396624,0.41875
MIA,Miami,North America,Airport,MIA,25.79501,-80.27834,Station,Miami Station,25.84906,-80.25771,31/05/2019 3:15,7/06/2019 15:15,7.2,UberX,0.470588237,Lux,0.050129358,0.000381679,0.41878593,0.126908649,4.908333333,2.9,0.003876907,0.007132604,0.21848946,0.103509152,0.678001388
MAA,Chennai,Asia,Airport,MAA,12.98293,80.1674,City,National Stock Exchange,13.01976,80.24149,11/06/2019 20:53,14/06/2019 14:30,2,uberGO,1.16956532,Premier,1.1514889,0,0,0,0,0,0.001071147,0.069015507,0.306407558,0.436647998,0.256944444
MAN,Manchester,Europe,Airport,MAN,53.36317,-2.27373,Station,Manchester Piccadilly,53.47674,-2.23105,11/06/2019 16:23,14/06/2019 10:00,2,UberX,0.179149374,Exec,0.215854749,0,0,0,0,0,0.002788185,0.017975937,0.485594623,0.015099822,0.499305556
MEATPACKING,New York City,North America,City,Meatpacking District,40.7404,-74.00629,City,W86th,40.78822,-73.97637,31/05/2019 3:14,7/06/2019 15:14,7.1,UberX,1.740937352,Black,0.604814529,0.014122137,0.497884877,inf,3.752210884,19.34081633,0.004039561,0.06716191,0.355923971,0.551714918,0.092361111
MEL,Melbourne,Oceania,Airport,MEL,-37.66966,144.84978,City,Business District,-37.81933,144.95721,12/06/2019 1:23,14/06/2019 19:00,2,UberX,0.314492285,Black,0.179145068,0.001282051,0.261251748,0.09779368,5.583333333,8.075,0.00170572,0.016955952,0.39499022,0.045287558,0.559722222
MilleniumStation,Chicago,North America,Station,Millenium Station,41.88436,-87.62458,Airport,ORD,41.97717,-87.90487,17/06/2019 12:15,20/06/2019 13:47,1.9,UberX,1.59375,Black,0.610238791,0.018981481,0.557862917,inf,4.261375661,13.15767196,0.001930224,0.061058957,0.257787779,0.410962221,0.33125
MinneapolisConvention,Minneapolis,North America,Convention Center,Minneapolis Convention Center,44.97003,-93.27395,Airport,MSP,44.88336,-93.21067,17/06/2019 12:14,20/06/2019 1:51,1.9,UberX,1.673878074,Black,0.440738231,0.003888889,0.465339852,inf,3.002380952,140.9047619,0.004985208,0.058885227,0.371695908,0.325526315,0.302777778
MontrealCentral,Montreal,North America,Station,Central Station,45.4999,-73.56598,Airport,YUL,45.4577,-73.74893,17/06/2019 13:15,20/06/2019 14:47,1.9,UberX,1.413816571,Select,1.518645763,0,0,0,0,0,0.002697147,0.057055108,0.334953608,0.462268614,0.202777778
MosconeCenter,San Francisco,North America,Convention Center,Moscone Center,37.78454,-122.40106,Airport,SFO,37.6167,-122.38411,17/06/2019 10:14,24/06/2019 22:14,1.4,UberX,1.085994005,Black,0.025350874,0.004961832,0.511845198,inf,5.204545455,12.61767677,0.003340217,0.054835744,0.454494215,0.094116897,0.451388889
MRS,Marseille,Europe,Airport,MRS,43.44144,5.22271,Station,Gare de Marseille Saint Charles,43.30304,5.37941,11/06/2019 17:23,14/06/2019 11:00,2,UberX,0.032608699,Berline,0.026660044,0,0,0,0,0,0.002038204,0.002050101,0.094203686,0.00510187,0.900694444
MSY,New Orleans,North America,Airport,MSY,29.98495,-90.25691,Station,Union Passenger Terminal,29.94617,-90.07848,11/06/2019 10:23,14/06/2019 4:00,3.7,UberX,0.220316619,Black,0.31298691,0,0,0,0,0,0.001820222,0.011802432,0.281677191,0.053739475,0.664583333
MUC,Munich,Europe,Airport,MUC,48.35546,11.78428,Station,MÂŸnchen Hauptbahnhof,48.14022,11.56076,11/06/2019 17:23,14/06/2019 11:00,2,uberX,0.100663543,UberBLACK,0.09493047,0,0,0,0,0,0.0011838,0.004457393,0.051686434,0.043452455,0.904861111
NashvilleMusic,Nashville,North America,Convention Center,Nashville Music City Center,36.15651,-86.77624,Airport,BNA,36.13159,-86.66874,17/06/2019 12:14,25/06/2019 0:14,1.4,UberX,1.577452421,Black,1.047463179,0.001653944,0.460216066,inf,2.901515152,14.52575758,0.003087283,0.060774006,0.384978321,0.148355013,0.466666667
NewarkPenn,Newark,North America,Station,Pennsylvania Station (Newark),40.73492,-74.16475,Airport,EWR,40.69068,-74.1775,17/06/2019 13:14,20/06/2019 14:48,3.9,UberX,0.938771725,Black,0.056680933,0.010185185,0.410686045,inf,3.747368421,16.72631579,0.004372018,0.043415635,0.34398342,0.331016581,0.325
NewOrleansMorial,New Orleans,North America,Convention Center,New Orleans Morial Center,29.93992,-90.06426,Airport,MSY,29.98498,-90.25688,17/06/2019 12:14,25/06/2019 0:14,1.4,UberX,0.899171293,Black,0.903292477,0.000254453,0.395504527,0.30328901,1.8,24.06666667,0.001700624,0.01288053,0.333804743,0.02452859,0.641666667
NY1,New York City,North America,City,Tribeca,40.7135,-74.01017,City,Washington Square Village,40.73334,-73.99232,17/06/2019 13:14,20/06/2019 2:51,1.9,UberX,0.975457788,Black,0.295336783,0.005,0.364772712,inf,3.63452381,19.70119048,0.00649721,0.030748412,0.536729572,0.196603762,0.266666667
NY2,New York City,North America,City,East Broadway,40.71389,-73.99352,City,Washington Square Village,40.73334,-73.99232,17/06/2019 13:14,20/06/2019 2:51,1.9,UberX,0.628749371,Black,0.235252082,0.001666667,0.455444324,0.301645747,2.876666667,9.9,0.006524779,0.053558019,0.711794639,0.059733139,0.228472222
NY3,New York City,North America,City,Lower East Side,40.71415,-73.97944,City,Washington Square Village,40.73334,-73.99232,17/06/2019 13:14,20/06/2019 2:51,1.9,UberX,0.682876468,Black,0.057845481,0.001944444,0.479576835,0.139708155,3.6,12.85714286,0.004817191,0.058241052,0.674509167,0.083129722,0.242361111
NY4,New York City,North America,City,Greenwich Village,40.73373,-74.00725,City,Washington Square Village,40.73334,-73.99232,17/06/2019 13:14,20/06/2019 2:51,1.9,UberX,0.86501056,Black,0.324661762,0.003888889,0.505406239,inf,4.387878788,17.75606061,0.008954333,0.059266871,0.478170688,0.111412646,0.410416667
NY5,New York City,North America,City,Washington Square Village,40.73334,-73.99232,City,Midtown East,40.75584,-73.9634,17/06/2019 13:15,20/06/2019 2:51,1.9,UberX,1.193995476,Black,0.355748355,0.004166667,0.674118594,0.231325766,4.242222222,19.2,0.005780453,0.069466583,0.612435208,0.141037014,0.246527778
NY6,New York City,North America,City,Peter Cooper Village,40.73295,-73.97601,City,Washington Square Village,40.73334,-73.99232,17/06/2019 13:14,20/06/2019 2:51,1.9,UberX,0.982097149,Black,0.217083439,0.003611111,0.57426354,0.18060553,4.113636364,18.84848485,0.00791023,0.058792861,0.509791419,0.118680804,0.371527778
NY7,New York City,North America,City,Hudson Yards,40.75729,-74.00252,City,Washington Square Village,40.73334,-73.99232,17/06/2019 13:14,20/06/2019 2:51,1.9,UberX,1.266187429,Black,0.426256478,0.003333333,0.468640075,inf,2.838888889,14.69166667,0.005162729,0.069870835,0.671898705,0.125323517,0.202777778
NY8,New York City,North America,City,Times Square,40.75708,-73.98408,City,Washington Square Village,40.73334,-73.99232,17/06/2019 13:14,20/06/2019 2:51,1.9,UberX,1.210724354,Black,0.455138952,0.0025,0.503282911,inf,4.207407407,18.8037037,0.005418137,0.067844248,0.659919106,0.099803116,0.240277778
NY9,New York City,North America,City,Midtown East,40.75584,-73.9634,City,Washington Square Village,40.73334,-73.99232,17/06/2019 13:15,20/06/2019 2:51,1.9,UberX,0.832293809,Black,0.347990185,0.000833333,0.497119854,0.271996725,2.216666667,17.76666667,0.004208915,0.068462732,0.735228087,0.041855247,0.222916667
NYJavitsConvention,New York City,North America,Convention Center,New York Javits Convention Center,40.75727,-74.00142,Airport,JFK,40.64409,-73.78271,17/06/2019 13:15,25/06/2019 1:14,1.4,UberX,2.273118973,Black,0.80733645,0.004834606,0.57143985,inf,4.002192982,17.77807018,0.001253047,0.067641644,0.389532286,0.133384381,0.477083333
OAKres,Oakland,North America,Airport,OAK,37.71275,-122.21277,City,Saint Francis Wood,37.73376,-122.4679,17/06/2019 10:15,24/06/2019 22:15,1.4,UberX,1.432092547,Black,0.062685139,0.00610687,0.647998763,inf,3.405833333,28.03,0.002528984,0.075037985,0.373367365,0.118652066,0.507980569
OAKurb,Oakland,North America,Airport,OAK,37.71275,-122.21277,City,Financial District,37.79537,-122.40038,17/06/2019 10:15,24/06/2019 22:15,1.4,UberX,1.402402401,Black,0.081256419,0.003435115,0.55596222,inf,2.469871795,96.10641026,0.002491324,0.075564593,0.339466907,0.109144204,0.551388889
OrangeCountyConvention,Orange County,North America,Convention Center,Orange County Convention,28.42826,-81.46429,Station,Orlando Station,28.52595,-81.38127,17/06/2019 10:14,24/06/2019 22:14,1.4,UberX,1.07100594,Black,0.035894964,0.000381679,0.551608046,inf,2.072222222,630.3388889,0.002711386,0.007489265,0.334007297,0.109048259,0.556944444
ORD,Chicago,North America,Airport,ORD,41.97717,-87.90487,Station,Union Station,41.87868,-87.63964,31/05/2019 2:14,7/06/2019 14:14,7,UberX,1.217223644,Black,0.025672274,0.007633588,0.421111318,0.204417191,4.099038462,15.80224359,0.002475367,0.052279845,0.51732495,0.163925051,0.31875
OTP,Bucharest,Europe,Airport,OTP,44.57138,26.07685,Station,Gara de Nord,44.44572,26.07529,11/06/2019 18:23,14/06/2019 12:00,2,UberX,1.061640382,Select,1.064075708,0,0,0,0,0,0.002454993,0.032995118,0.243868525,0.328353697,0.427777778
P1,New York City,North America,City,7th Avenue - West 32nd Street,40.74974,-73.99159,City,United Nations Headquarter,40.74939,-73.96917,17/06/2019 13:14,20/06/2019 2:51,1.9,UberX,1.02628696,Black,0.47251308,0.004722222,0.513113721,inf,3.960784314,13.11176471,0.007260126,0.06298232,0.594994654,0.14458868,0.260416667
P10,New York City,North America,City,7th Avenue - West 50th Street,40.76109,-73.98351,City,United Nations Headquarter,40.74939,-73.96917,17/06/2019 13:15,20/06/2019 2:51,1.9,UberX,1.19907403,Black,0.345895022,0.002777778,0.513662319,0.172548019,4.166666667,15.0547619,0.007570333,0.063418995,0.67214286,0.101468252,0.226388889
P2,New York City,North America,City,7th Avenue - West 34th Street,40.75095,-73.99082,City,United Nations Headquarter,40.74939,-73.96917,17/06/2019 13:14,20/06/2019 2:51,1.9,UberX,1.088081121,Black,0.454293639,0.005277778,0.485513282,inf,3.935185185,14.40462963,0.007531149,0.063878307,0.595261538,0.148488462,0.25625
P3,New York City,North America,City,7th Avenue - West 36th Street,40.75225,-73.98987,City,United Nations Headquarter,40.74939,-73.96917,17/06/2019 13:15,20/06/2019 2:51,1.9,UberX,1.166612387,Black,0.46028924,0.004166667,0.508912159,inf,4.164285714,16.59761905,0.006619282,0.06727475,0.580435607,0.123036616,0.296527778
P4,New York City,North America,City,7th Avenue - West 38th Street,40.7535,-73.98899,City,United Nations Headquarter,40.74939,-73.96917,17/06/2019 13:15,20/06/2019 2:51,1.9,UberX,1.032719851,Black,0.460568607,0.004444444,0.527058557,inf,5.038095238,15.01071429,0.008436908,0.065962597,0.578976334,0.119634777,0.301388889
P5,New York City,North America,City,7th Avenue - West 40th Street,40.75473,-73.98807,City,United Nations Headquarter,40.74939,-73.96917,17/06/2019 13:15,20/06/2019 2:51,1.9,UberX,1.068936944,Black,0.419558376,0.003888889,0.601979697,inf,5.157575758,13.00909091,0.008587744,0.066495025,0.645753316,0.105114137,0.249132547
P6,New York City,North America,City,7th Avenue - West 42nd Street,40.75603,-73.98717,City,United Nations Headquarter,40.74939,-73.96917,17/06/2019 13:15,20/06/2019 2:51,1.9,UberX,1.030075192,Black,0.410934717,0.003611111,0.473613795,inf,3.968055556,15.34166667,0.00861895,0.06319912,0.516723333,0.111054444,0.372222222
P7,New York City,North America,City,7th Avenue - West 44th Street,40.75737,-73.98625,City,United Nations Headquarter,40.74939,-73.96917,17/06/2019 13:15,20/06/2019 2:51,1.9,UberX,1.306893706,Black,0.430934727,0.003333333,0.470265741,inf,3.292424242,15.21363636,0.008179847,0.064846386,0.632044937,0.10337173,0.264583333
P8,New York City,North America,City,7th Avenue - West 46th Street,40.75859,-73.98525,City,United Nations Headquarter,40.74939,-73.96917,17/06/2019 13:15,20/06/2019 2:51,1.9,UberX,1.185971618,Black,0.460568607,0.002777778,0.638922127,inf,6.813333333,17.415,0.008696231,0.067159915,0.593856259,0.093643741,0.3125
P9,New York City,North America,City,7th Avenue - West 48th Street,40.75982,-73.98436,City,United Nations Headquarter,40.74939,-73.96917,17/06/2019 13:15,20/06/2019 2:51,1.9,UberX,1.274947405,Black,0.329022974,0.003055556,0.462485737,0.226693319,3.57037037,17.61851852,0.007772425,0.064125482,0.623517307,0.108427138,0.268055556
PENN,New York City,North America,Station,Pennsylvania Station,40.75091,-73.99433,City,Upper West Side,40.78822,-73.97637,31/05/2019 3:14,7/06/2019 15:14,7.1,UberX,1.97331953,Black,0.504698634,0.000763359,0.462821972,inf,2.756666667,21.66666667,0.006424339,0.067464668,0.485070773,0.422568116,0.092361111
PennsylvaniaConvention,Philadelphia,North America,Convention Center,Pennsylvania Convention Center,39.95415,-75.16076,Airport,PHL,39.8769,-75.24657,17/06/2019 13:14,20/06/2019 2:51,1.9,UberX,0.999020934,Black,0.217821419,0.001111111,0.586551033,inf,4.041666667,10.23333333,0.002694652,0.003181963,0.347385773,0.085253116,0.567361111
PER,Perth,Oceania,Airport,PER,-31.94173,115.97622,City,Business District,-31.95422,115.85538,11/06/2019 23:23,14/06/2019 17:00,2,UberX,0.056524038,Black,0.05434021,0,0,0,0,0,0.002368255,0.002851788,0.228643916,0.051217196,0.720138889
Philadelphia30th,Philadelphia,North America,Station,30th Station,39.95525,-75.18272,Airport,PHL,39.8769,-75.24657,17/06/2019 13:15,20/06/2019 14:48,1.9,UberX,0.583815575,Black,0.03470635,0.000231481,0.564793885,0.215844797,2.616666667,7.633333333,0.003085018,0.004836958,0.429602277,0.124564389,0.445833333
PHL,Philadelphia,North America,Airport,PHL,39.8769,-75.24657,City,Philadelphia City Hall,39.95227,-75.16267,31/05/2019 3:14,7/06/2019 15:14,7,UberX,1.330874562,Black,0.031978149,0.006234097,0.291294239,inf,0.627037037,15.52444444,0.00210207,0.048489003,0.564143873,0.094883905,0.340972222
PhoenixConvention,Phoenix,North America,Convention Center,Phoenix Convention,33.44986,-112.07125,Airport,PHX,33.43615,-111.99799,17/06/2019 10:15,20/06/2019 11:48,1.9,UberX,1.380952239,Black,0.045114093,0.008101852,0.501107544,inf,5.330357143,32.39821429,0.003660483,0.055674814,0.211538496,0.209989282,0.578472222
RiversideCAConvention,Riverside,North America,Convention Center,Riverside Convention Center,33.9849,-117.37113,Airport,RAL,33.95058,-117.44555,17/06/2019 10:15,24/06/2019 22:14,1.4,UberX,0.558441579,Black,0.049753044,0.000254453,0.539516449,0.15056273,3.583333333,5.7,0.002764639,0.007333833,0.110127642,0.007845988,0.882026371
SanAntonioConvention,San Antonio,North America,Convention Center,San Antonio Convention,29.42192,-98.4835,Airport,SAT,29.52687,-98.47249,17/06/2019 12:15,20/06/2019 13:48,1.9,UberX,0.746393323,Select,0.767068267,0,0,0,0,0,0.002526826,0.041299528,0.167542423,0.032457577,0.8
SanDiegoConvention,San Diego,North America,Convention Center,San Diego Convention,32.70763,-117.16222,Airport,SAN,32.73152,-117.20393,17/06/2019 10:14,24/06/2019 22:14,1.4,uberX,1.066115618,Black,0.056842469,0.003307888,0.478743579,inf,5.050833333,12.07333333,0.004964504,0.044640256,0.376800155,0.062088734,0.561111111
SEA,Seattle,North America,Airport,SEA,47.44367,-122.30146,Station,King Street Station,47.59821,-122.32905,11/06/2019 8:23,14/06/2019 2:00,3.7,UberX,0.784172654,Black,0.343038529,0.000769231,0.453975181,0.045068754,11.82222222,19.18888889,0.002442522,0.03893489,0.380313889,0.051330803,0.568355309
SeattleConvention,Seattle,North America,Convention Center,Seattle Convention Center,47.61207,-122.3321,Airport,SEA,47.44364,-122.30179,17/06/2019 10:15,24/06/2019 22:14,1.4,UberX,2.085987568,Black,0.845097244,0.00394402,0.512882473,inf,5.560714286,20.94761905,0.001829425,0.047656124,0.336144132,0.215939201,0.447916667
SF1,San Francisco,North America,City,Parkmerced,37.71778,-122.48382,City,Noe Valley,37.75199,-122.43988,17/06/2019 10:14,24/06/2019 22:14,1.4,UberX,0.755926192,Black,0.051618278,0.00216285,0.456654726,inf,3.115,6.053333333,0.007833887,0.017823439,0.323473296,0.017498927,0.659027778
SF2,San Francisco,North America,City,Excelsior,37.72185,-122.43611,City,Noe Valley,37.75199,-122.43988,17/06/2019 10:14,24/06/2019 22:14,1.4,UberX,1.054484844,Black,0.067026474,0.002544529,0.488880117,inf,2.727272727,35.14848485,0.009343659,0.065710909,0.194950276,0.027271947,0.777777778
SF3,San Francisco,North America,City,Silver Terrace,37.72321,-122.39731,City,Noe Valley,37.75199,-122.43988,17/06/2019 10:14,24/06/2019 22:14,1.4,UberX,0.776685476,Black,0.048419509,0.000381679,0.482391723,inf,7.291666667,48.56666667,0.006655349,0.007073116,0.421294172,0.021761384,0.556944444
SF4,San Francisco,North America,City,Sunset District,37.75172,-122.48279,City,Noe Valley,37.75199,-122.43988,17/06/2019 10:14,24/06/2019 22:14,1.4,UberX,1.205289721,Black,0.052707572,0.00394402,0.478694306,inf,3.494871795,31.86923077,0.010516167,0.067090022,0.283805722,0.041888722,0.674305556
SF5,San Francisco,North America,City,Noe Valley,37.75199,-122.43988,City,Moscone North + South,37.78374,-122.40075,17/06/2019 10:15,24/06/2019 22:15,1.4,UberX,1.369746208,Black,0.046947751,0.002290076,0.473326403,inf,3.193518519,229.5074074,0.006501237,0.065993843,0.615505208,0.070605903,0.313888889
SF6,San Francisco,North America,City,Potrero Terrace,37.74954,-122.398,City,Noe Valley,37.75199,-122.43988,17/06/2019 10:14,24/06/2019 22:14,1.4,UberX,0.371083826,Black,0.059306003,0.000381679,0.326341867,0.089408731,3.65,5.766666667,0.00893374,0.010758112,0.353678117,0.020627439,0.625694444
SF7,San Francisco,North America,City,Seacliff,37.77994,-122.48245,City,Noe Valley,37.75199,-122.43988,17/06/2019 10:14,24/06/2019 22:14,1.4,UberX,1.222361207,Black,0.051173765,0.007379135,0.571693131,inf,4.080496454,12.46914894,0.006303419,0.060318218,0.444129836,0.126009053,0.429861111
SF8,San Francisco,North America,City,Western Addition,37.78401,-122.43576,City,Noe Valley,37.75199,-122.43988,17/06/2019 10:14,24/06/2019 22:14,1.4,UberX,1.122241139,Black,0.058975879,0.00394402,0.575270676,0.097082011,7.256547619,21.98869048,0.008208034,0.051073038,0.35164411,0.094883668,0.553472222
SF9,San Francisco,North America,City,Moscone North + South,37.78374,-122.40075,City,Noe Valley,37.75199,-122.43988,17/06/2019 10:15,24/06/2019 22:14,1.4,UberX,1.231220603,Black,0.05167415,0.00178117,0.471848484,inf,3.952777778,151.8430556,0.00764209,0.056842693,0.510880033,0.094675522,0.394444444
SFO,San Francisco,North America,Airport,SFO,37.6167,-122.38411,Station,San Francisco Station,37.7764,-122.39429,31/05/2019 0:14,7/06/2019 12:14,21.5,UberX,1.302213311,Black,0.39690268,0.013613232,0.478199099,0.327175105,3.165079365,7.314285714,0.003229615,0.051449266,0.499944132,0.178751219,0.32130465
SFOres,San Francisco,North America,Airport,SFO,37.61668,-122.38666,City,Saint Francis Wood,37.73376,-122.4679,17/06/2019 10:15,24/06/2019 22:15,1.4,UberX,1.299867272,Black,0.029055689,0.005343511,0.462255669,inf,3.179411765,11.16862745,0.004075001,0.052588921,0.468873576,0.070709757,0.460416667
SFOurb,San Francisco,North America,Airport,SFO,37.61668,-122.38666,City,Financial District,37.79537,-122.40038,17/06/2019 10:15,24/06/2019 22:15,1.4,UberX,1.336126089,Black,0.023316059,0.005470738,0.522417278,inf,3.609313725,10.4877451,0.002461461,0.053220101,0.534058724,0.074969054,0.390972222
SJCres,San Francisco,North America,Airport,SJC,37.36978,-121.92893,City,Saint Francis Wood,37.73376,-122.4679,17/06/2019 10:15,24/06/2019 22:15,1.4,UberX,1.465372682,Black,0.03258875,0.002035623,0.925869497,0.176934958,5.798484848,6.463636364,0.001953286,0.069228635,0.175035901,0.024269655,0.800694444
SJCurb,San Francisco,North America,Airport,SJC,37.36978,-121.92893,City,Financial District,37.79537,-122.40038,17/06/2019 10:15,24/06/2019 22:15,1.4,UberX,1.465538502,Black,0.039349686,0.00178117,0.807194655,0.242824251,4.457692308,10.86025641,0.001397052,0.042325721,0.280455394,0.066072384,0.653472222
StLouisAmericas,St. Louis,North America,Convention Center,St. Louis Americas Center Convention Complex,38.63066,-90.19128,Airport,STL,38.742,-90.3658,17/06/2019 12:15,25/06/2019 0:14,1.4,UberX,1.563203216,Black,0.417146862,0.001526718,0.439278692,inf,2.795238095,3.714285714,0.001430715,0.003560915,0.254140205,0.111578046,0.634281749
TRUMP,New York City,North America,City,Trump Tower,40.7627,-73.97412,City,Federal Reserve Bank,40.70828,-74.00888,31/05/2019 3:14,7/06/2019 15:14,7.1,UberX,2.384163857,Black,0.529957414,0.000763359,0.392774823,0.140164785,3.34,66.93333333,0.003780456,0.046540807,0.443441022,0.390586756,0.165972222
TampaConvention,Tampa,North America,Convention Center,Tampa Convention Center,27.94197,-82.45557,Airport,TPA,27.98049,-82.53464,17/06/2019 13:15,25/06/2019 1:14,1.4,UberX,0.986431181,Select,0.860001266,0,0,0,0,0,0.002311678,0.033144256,0.281294686,0.106205314,0.6125
TLL,Tallinn,Europe,Airport,TLL,59.41638,24.79882,Station,Baltic Station,59.44066,24.73873,11/06/2019 18:23,14/06/2019 12:00,2,UberX,1.239432693,Select,1.117608786,0,0,0,0,0,0.015794769,0.110745439,0.105498309,0.01464058,0.879861111
TorontoUnionStation,Toronto,North America,Station,Union Station,43.64568,-79.38029,City,Bloor Queens Park,43.66872,-79.3941,17/06/2019 13:14,20/06/2019 14:48,1.9,UberX,1.223298669,Black,0.641541064,0.004166667,0.42892607,0.217913843,4.176666667,25.45222222,0.003097382,0.032936435,0.453565962,0.170306349,0.376127689
VNO,Vilnius,Europe,Airport,VNO,54.64306,25.27944,Station,Vilnius Train Station,54.67049,25.28404,11/06/2019 18:23,14/06/2019 12:00,2,UberX,0.833333314,Select,0.975683928,0,0,0,0,0,0.004137143,0.020372677,0.125840685,0.02971487,0.844444444
WashingtonConvention,Washington D.C.,North America,Convention Center,Washington Convention,38.90418,-77.02394,Airport,DCA,38.85354,-77.0434,17/06/2019 13:14,25/06/2019 1:14,1.4,UberX,1.34939754,Black,0.047794115,0.008905852,0.471766444,inf,4.743121693,19.91851852,0.004540403,0.049165075,0.49529906,0.174145384,0.330555556
WashingtonUnion,Washington D.C.,North America,Station,Washington Union Station,38.89706,-77.00643,Airport,DCA,38.85354,-77.0434,17/06/2019 13:15,20/06/2019 14:48,1.9,UberX,1.237400055,Black,0.045379762,0.009027778,0.418576993,inf,3.537745098,14.07941176,0.004264706,0.048180207,0.51164709,0.198769577,0.289583333
WAW,Warsaw,Europe,Airport,WAW,52.17188,20.97321,Station,Warszawa Wschodnia,52.25256,21.05133,11/06/2019 17:23,14/06/2019 11:00,2,UberX,1.091125965,Black,0.270417422,0.021025641,0.531258157,inf,4.202727273,11.41,0.002209868,0.053447675,0.264307975,0.394719803,0.340972222
WorldTradeCenter,New York City,North America,Station,World Trade Center,40.71264,-74.00987,City,Upper West Side,40.78822,-73.97637,17/06/2019 13:14,20/06/2019 14:48,1.9,UberX,1.033640623,Black,0.333977252,0.003472222,0.362398976,0.141385798,4.981666667,17.19833333,0.003157474,0.035473581,0.602310584,0.170606083,0.227083333
YUL,Montreal,North America,Airport,YUL,45.45579,-73.75183,Station,Gare Centrale,45.50037,-73.56701,11/06/2019 11:23,14/06/2019 5:00,3.7,UberX,0.506629169,Select,0.541449547,0,0,0,0,0,0.002353289,0.047656947,0.483507319,0.090103792,0.426388889
YYZ,Toronto,North America,Airport,YYZ,43.68599,-79.62018,Station,Union Station,43.64551,-79.38077,11/06/2019 11:23,14/06/2019 5:00,2,UberX,1.232750893,Black,0.032147843,0.00025641,0.738494039,0.242129193,3.05,24.65,0.002286027,0.002305286,0.476910555,0.022395001,0.500694444
